{"cameraMode":{"drawMode":0,"name":"Shaded","section":"Shading Mode"},"sceneLighting":true,"audioPlay":false,"sceneViewState":{"m_AlwaysRefresh":false,"showFog":true,"showSkybox":true,"showFlares":true,"showImageEffects":true,"showParticleSystems":true,"showVisualEffectGraphs":true,"m_FxEnabled":true},"in2DMode":false,"pivot":{"x":-1.1391887664794922,"y":-0.8016505241394043,"z":0.20491981506347657},"rotation":{"x":0.4063316583633423,"y":0.3904331922531128,"z":-0.1977776736021042,"w":0.8020981550216675},"size":7.397836208343506,"orthographic":true}